{
    "name": "ballon",
    "drawing_size": [
        139,
        416
    ],
    "slices": 15,
    "data": [
        [
            1,
            85.08811213277988,
            1.7766606984804538
        ],
        [
            126,
            75.80848928908611,
            1.355580611000991
        ],
        [
            2,
            27.445727174793728,
            0.4208610845664104
        ],
        [
            3,
            22.563898758752263,
            -2.931132268397919
        ],
        [
            125,
            20.875453120775735,
            1.8044316536819212
        ],
        [
            4,
            20.24783765338769,
            0.5970615950582929
        ],
        [
            123,
            8.272074851627842,
            -0.08456125636522868
        ],
        [
            0,
            7.228566248180886,
            -1.4895547714850974
        ],
        [
            122,
            6.8448044123792595,
            0.6259796709567256
        ],
        [
            121,
            5.593098546171483,
            0.1921224303847196
        ],
        [
            6,
            4.1049453740801205,
            0.7019890212715854
        ],
        [
            8,
            3.2415975170134947,
            -2.7481013674272816
        ],
        [
            124,
            3.076567474075664,
            2.311956010221811
        ],
        [
            5,
            3.0749604342450882,
            -0.1271897929035268
        ],
        [
            119,
            2.774852435637778,
            2.3262225224140685
        ],
        [
            115,
            2.371278568182681,
            0.8672916406901859
        ],
        [
            118,
            2.161327965263256,
            1.1699437792364755
        ],
        [
            120,
            1.9329847135581193,
            -2.752486961535775
        ],
        [
            110,
            1.7722453041277115,
            2.1730413531718895
        ],
        [
            117,
            1.590960824779951,
            2.980276762269643
        ],
        [
            14,
            1.5277856508982468,
            0.4151225009786449
        ],
        [
            111,
            1.38294581586805,
            -1.3964750575674434
        ],
        [
            20,
            1.3593252637298685,
            2.747805055537853
        ],
        [
            16,
            1.3066953424492875,
            -1.513342392640162
        ],
        [
            114,
            1.2695421355342094,
            0.12000862719880909
        ],
        [
            112,
            1.1312007187100448,
            0.8481976755410122
        ],
        [
            12,
            0.9969643814436691,
            2.287587018258939
        ],
        [
            108,
            0.9926740399487107,
            -2.4310159759285073
        ],
        [
            17,
            0.9736194145002222,
            1.3939839951778719
        ],
        [
            25,
            0.9493465092905111,
            2.7509329241568143
        ],
        [
            19,
            0.9468189937516,
            -0.45167051780927514
        ],
        [
            113,
            0.9320601393212853,
            3.0008773105512327
        ],
        [
            9,
            0.8496769027774982,
            2.1516121524873624
        ],
        [
            99,
            0.7817867601192798,
            -0.761005271514807
        ],
        [
            15,
            0.766998955695001,
            2.4333324575054593
        ],
        [
            98,
            0.7515283818960675,
            1.2933174114091348
        ],
        [
            107,
            0.736276812686113,
            0.7577676988576492
        ],
        [
            38,
            0.6830253571056669,
            0.3553538089960672
        ],
        [
            105,
            0.6734690655280883,
            2.719693033893077
        ],
        [
            7,
            0.6634613370214151,
            1.999932375924499
        ],
        [
            18,
            0.6221175668138984,
            2.874593723406807
        ],
        [
            116,
            0.6185801753493108,
            -2.3074291541627456
        ],
        [
            74,
            0.5719945954141201,
            0.9573333543674067
        ],
        [
            26,
            0.5578202603626712,
            0.19719562536860996
        ],
        [
            93,
            0.5455024215117239,
            1.5140782369708907
        ],
        [
            32,
            0.539765641770125,
            -2.758282732208514
        ],
        [
            10,
            0.5267350804622655,
            1.2832428354498908
        ],
        [
            31,
            0.511438022044222,
            -0.5879077715676848
        ],
        [
            37,
            0.4992873497810872,
            2.8684234594909874
        ],
        [
            22,
            0.4918867388364506,
            1.5246248795221862
        ],
        [
            86,
            0.4897846045620486,
            0.9840018008094169
        ],
        [
            106,
            0.4836267530960076,
            0.6246244650161594
        ],
        [
            92,
            0.4804274305611519,
            -1.7631982578760095
        ],
        [
            103,
            0.4678726716807286,
            1.0578536718290104
        ],
        [
            28,
            0.45479569060524316,
            -2.6071309499164372
        ],
        [
            44,
            0.4484934675155844,
            -2.9078796759166434
        ],
        [
            62,
            0.44132830256169425,
            0.8358326892067176
        ],
        [
            21,
            0.4374201550805145,
            2.1429110166456824
        ],
        [
            35,
            0.4210182674667916,
            -1.4426952258085854
        ],
        [
            56,
            0.4139680631768493,
            -2.355728679856979
        ],
        [
            68,
            0.41327104415371935,
            -2.18281774250412
        ],
        [
            81,
            0.4080812961556537,
            1.901725366737152
        ],
        [
            80,
            0.3943518164811384,
            -1.5215167778727854
        ],
        [
            29,
            0.3802438476215628,
            1.636862264603275
        ],
        [
            89,
            0.3774983080892255,
            2.298717965342209
        ],
        [
            65,
            0.37170680833926595,
            2.4528794364705284
        ],
        [
            67,
            0.3617821260070729,
            -0.10032323388333442
        ],
        [
            49,
            0.3595241009773781,
            2.785355086772115
        ],
        [
            41,
            0.3549964612173367,
            2.093650455715203
        ],
        [
            87,
            0.3544479504069096,
            -0.8379424417175599
        ],
        [
            13,
            0.35319068549885047,
            -2.731215198465094
        ],
        [
            23,
            0.3531444460584215,
            -1.1374830558819675
        ],
        [
            101,
            0.35130263409833395,
            -3.0105126869018175
        ],
        [
            90,
            0.34207010031090773,
            0.799056153116745
        ],
        [
            50,
            0.33845779913482166,
            0.4375360388026504
        ],
        [
            71,
            0.3324364284309013,
            -0.14957714531583363
        ],
        [
            95,
            0.329723952247593,
            -0.0402353442752305
        ],
        [
            83,
            0.3265474910543964,
            0.037527885148518285
        ],
        [
            84,
            0.3239449395401837,
