{
    "name": "driehoek",
    "drawing_size": [
        830,
        522
    ],
    "slices": 5,
    "data": [
        [
            163,
            277.2573944801925,
            -1.7159020381837287
        ],
        [
            0,
            93.73762242304466,
            2.0420949181716184
        ],
        [
            2,
            73.54672843567904,
            -1.546180742678642
        ],
        [
            1,
            43.23050076922158,
            1.7557181062519074
        ],
        [
            3,
            15.27048114942472,
            -1.2478808399352654
        ],
        [
            161,
            14.86479335110326,
            1.3884183501410112
        ],
        [
            162,
            14.283746982669307,
            -2.834721033781193
        ],
        [
            160,
            12.502831285309707,
            -1.3475611125949931
        ],
        [
            4,
            12.381747422596252,
            1.7041105094757576
        ],
        [
            159,
            10.953458228774423,
            -1.844257411677797
        ],
        [
            5,
            8.137249981264874,
            -1.839888879944041
        ],
        [
            6,
            4.7175868278367465,
            -1.941310767818779
        ],
        [
            158,
            4.088861199642141,
            2.4457442252027155
        ],
        [
            7,
            3.443897373169883,
            -0.6952740397207069
        ],
        [
            153,
            3.339943518174279,
            -2.13516631893891
        ],
        [
            9,
            2.7332587645301873,
            -1.437193832488279
        ],
        [
            157,
            2.2559819656124005,
            -1.3636721447817348
        ],
        [
            12,
            2.2015945065355704,
            -1.2848614012505957
        ],
        [
            155,
            1.835756962943407,
            0.9736183055153314
        ],
        [
            150,
            1.7265862157316028,
            -1.05482792319433
        ],
        [
            148,
            1.4639393819436128,
            1.600016739954874
        ],
        [
            151,
            1.3830668510892994,
            1.1647789378803637
        ],
        [
            11,
            1.3580215780175873,
            2.44542838882803
        ],
        [
            10,
            1.333349480065168,
            3.0381808204660117
        ],
        [
            156,
            1.3224248426678313,
            -1.3588118082254674
        ],
        [
            149,
            1.2878684005200773,
            -2.5262991735166733
        ],
        [
            17,
            1.142920937388534,
            1.1602852136707738
        ],
        [
            8,
            1.0194910696942023,
            2.2821192618311343
        ],
        [
            16,
            0.9489014621839568,
            -1.0581845748068044
        ],
        [
            147,
            0.7996032680023881,
            -0.8544928461788858
        ],
        [
            14,
            0.7902758116700073,
            2.0908113801809147
        ],
        [
            146,
            0.7753460881734965,
            -1.3342469045240195
        ],
        [
            23,
            0.7161837294404864,
            -0.8136901257128494
        ],
        [
            15,
            0.6766297997468795,
            -2.416261808654292
        ],
        [
            143,
            0.663456388330841,
            -0.9039230235869935
        ],
        [
            19,
            0.6273080278631193,
            -0.831198544139083
        ],
        [
            22,
            0.6089905752356265,
            -1.7211140361458601
        ],
        [
            13,
            0.5724832117860682,
            0.03363916853130878
        ],
        [
            138,
            0.5687257953090833,
            1.796468130840091
        ],
        [
            25,
            0.5472629924666438,
            -1.8367960835258568
        ],
        [
            140,
            0.5298459037565898,
            -1.2574878423936073
        ],
        [
            142,
            0.5217232380840487,
            2.9361589008235907
        ],
        [
            27,
            0.4868364636253202,
            1.5774575388800292
        ],
        [
            144,
            0.4661108355566234,
            2.628364737327365
        ],
        [
            21,
            0.4579229479025053,
            -2.9438215413040156
        ],
        [
            33,
            0.45564328840189794,
            -0.7378186711758044
        ],
        [
            134,
            0.4332105484612721,
            1.200555934745986
        ],
        [
            120,
            0.4233796650827582,
            -1.8729566224013654
        ],
        [
            38,
            0.38827348162906017,
            0.9021799319243732
        ],
        [
            39,
            0.37033093803689926,
            -2.0570836106616945
        ],
        [
            141,
            0.3646246609582471,
            0.6974476015085921
        ],
        [
            145,
            0.3613453230234372,
            0.5242717855169324
        ],
        [
            28,
            0.36096307009732886,
            -3.016959263339459
        ],
        [
            37,
            0.3546012740789671,
            -0.1849665277090077
        ],
        [
            128,
            0.3411207558773444,
            2.273367050523934
        ],
        [
            29,
            0.3392543714525268,
            -1.563142755323513
        ],
        [
            135,
            0.33384126520352253,
            2.5361981590105422
        ],
        [
            126,
            0.330489978147682,
            -1.5776750534661665
        ],
        [
            24,
            0.32322712045947943,
            1.7733384980897344
        ],
        [
            70,
            0.3228643565072821,
            0.48335952939650617
        ],
        [
            44,
            0.31126123738281974,
            2.31040023684524
        ],
        [
            31,
            0.30799800683474277,
            1.9978846557323984
        ],
        [
            26,
            0.30382157031352547,
            -1.021374806228348
        ],
        [
            136,
            0.3029536761841006,
            -2.7021767326384465
        ],
        [
            152,
            0.2996439537212169,
            1.9500044527276434
        ],
        [
            45,
            0.2954171166937148,
            -2.3766557050633983
        ],
        [
            116,
            0.28488210784310686,
            -1.5220602254941702
        ],
        [
            35,
            0.2815805577581831,
            -2.3786327396529066
        ],
        [
            32,
            0.2702328868495874,
            -2.1452737745939734
        ],
        [
            95,
            0.268209737216991,
            2.1487835281955125
        ],
        [
            30,
            0.2653265314660253,
            -0.36498063835692207
        ],
        [
            62,
            0.26394852344834385,
            -2.8007612490105287
        ],
        [
            96,
            0.26098704599572764,
            -2.901865704770263
        ],
        [
            36,
            0.26057034144278024,
            -2.3483618070870422
        ],
        [
            110,
            0.2528212542546294,
            -2.696358676898884
        ],
        [
            105,
            0.24591802922422495,
            2.4829639163612547
        ],
        [
            60,
            0.24481757039028382,
            0.7093125936677475
        ],
        [
            133,
            0.24400250052226083,
            -0.5439901315576978
        ],
        [
            49,
