{
    "name": "fack_you",
    "drawing_size": [
        289,
        469
    ],
    "slices": 25,
    "data": [
        [
            1,
            156.51531549503892,
            1.7733199687074894
        ],
        [
            2,
            32.463808493013865,
            2.0039891180597773
        ],
        [
            165,
            32.19994281170684,
            1.560826524823873
        ],
        [
            4,
            16.903128527786297,
            -0.7848812774308113
        ],
        [
            163,
            14.757551517632178,
            1.0846392255373327
        ],
        [
            5,
            10.697278567691923,
            2.315752286593067
        ],
        [
            3,
            10.6462143754358,
            1.9785088479208783
        ],
        [
            162,
            8.874882521887981,
            -2.2307785515087355
        ],
        [
            0,
            8.374735541134742,
            -1.0662828791748808
        ],
        [
            161,
            5.4116893035408005,
            1.165816376716298
        ],
        [
            10,
            5.209231403717332,
            -2.716886935553303
        ],
        [
            6,
            4.3906957911928695,
            -1.4966520450765803
        ],
        [
            7,
            4.271083967919416,
            2.683316482798558
        ],
        [
            13,
            3.909365792432762,
            -2.1129267946341366
        ],
        [
            164,
            3.8952637532207883,
            -0.7017504911818123
        ],
        [
            154,
            3.0125303602533773,
            2.6700790226031974
        ],
        [
            160,
            2.9159907196642187,
            0.333818770209287
        ],
        [
            158,
            2.8018069168055058,
            1.1065205508750897
        ],
        [
            11,
            2.466527228606904,
            2.5813938898515656
        ],
        [
            12,
            2.2781320732042922,
            0.2087251738424886
        ],
        [
            9,
            2.0875981986891436,
            -2.467568558521329
        ],
        [
            15,
            2.0175876167720888,
            1.3150567548437972
        ],
        [
            157,
            1.9776654688714561,
            -2.9046572472448187
        ],
        [
            159,
            1.932075143423547,
            0.32289907056300227
        ],
        [
            151,
            1.9123107060671352,
            1.958390287991101
        ],
        [
            8,
            1.6583106687600173,
            1.4085266883404437
        ],
        [
            156,
            1.4701773923161832,
            -0.7156688746916205
        ],
        [
            18,
            1.1639005674945437,
            2.2381049083053624
        ],
        [
            17,
            1.1556540717830066,
            0.5621467914264229
        ],
        [
            146,
            1.1345279059179076,
            3.0391119661201924
        ],
        [
            20,
            1.0868580692322498,
            0.5059178464077756
        ],
        [
            149,
            0.8665523688233233,
            3.0331425980643414
        ],
        [
            19,
            0.8303857766765089,
            -2.400091580852645
        ],
        [
            155,
            0.8072610832832864,
            2.0973177266369363
        ],
        [
            16,
            0.735826484164265,
            -1.8753833977895487
        ],
        [
            14,
            0.6936927740182394,
            0.6504390753840115
        ],
        [
            148,
            0.6467666994143622,
            0.18551375736479328
        ],
        [
            23,
            0.6161500405257067,
            1.355493317089203
        ],
        [
            142,
            0.6129306199810367,
            -1.5518801786206073
        ],
        [
            144,
            0.6113223090785094,
            -0.43734084119421385
        ],
        [
            152,
            0.5721266735821182,
            2.223687441561506
        ],
        [
            25,
            0.49996440554231686,
            2.8407500900426284
        ],
        [
            147,
            0.4810620000556628,
            -0.22405542767587622
        ],
        [
            143,
            0.469301281858492,
            2.280529657503476
        ],
        [
            145,
            0.45742951471080545,
            -1.071810155919577
        ],
        [
            27,
            0.4399344259573377,
            3.0067510631331116
        ],
        [
            150,
            0.398130482102061,
            0.642972163108281
        ],
        [
            33,
            0.3199102634572443,
            -2.8493934867554342
        ],
        [
            141,
            0.3067736849506666,
            -0.3725396055967232
        ],
        [
            24,
            0.30019357623047854,
            3.0166310748139944
        ],
        [
            131,
            0.2982658496405892,
            2.6128598593850847
        ],
        [
            137,
            0.2782890386141087,
            -1.9493586893604546
        ],
        [
            41,
            0.26464363957623765,
            3.053974806158092
        ],
        [
            125,
            0.26238939044813403,
            0.17565822807366752
        ],
        [
            126,
            0.25973655464028705,
            -1.7030433099983557
        ],
        [
            128,
            0.2586086114346879,
            1.146947976649378
        ],
        [
            48,
            0.24716670556056972,
            2.6341684107461716
        ],
        [
            22,
            0.24185672584145754,
            -2.665592461369534
        ],
        [
            116,
            0.24100602176625677,
            -2.914161263781874
        ],
        [
            133,
            0.22971789753068625,
            0.42104696104183836
        ],
        [
            130,
            0.22441476994522414,
            1.3483244410688864
        ],
        [
            111,
            0.21103189473081058,
            -1.4092846613821326
        ],
        [
            138,
            0.20969928244038735,
            0.8828577982875478
        ],
        [
            123,
            0.20944014415941495,
            -2.927053976798876
        ],
        [
            121,
            0.20920335424089148,
            1.757356379726105
        ],
        [
            134,
            0.20423265224891987,
            -2.9029902786459747
        ],
        [
            43,
            0.1965578487240784,
            -2.2948561197047734
        ],
        [
            118,
            0.19372009747693786,
            1.1404590214178754
        ],
        [
            21,
            0.18399322288543157,
            2.7712704887902593
        ],
        [
            153,
            0.18286895251513935,
            2.7146548737650735
        ],
        [
            28,
            0.17909275859563697,
            2.581932847126828
        ],
        [
            101,
            0.17355525308052078,
            2.671308033328051
        ],
        [
            29,
            0.17263317027585187,
            -1.100990527913176
        ],
        [
            140,
            0.1634162220241216,
            -1.6069329294435089
        ],
        [
            114,
            0.1558972983317308,
            -0.6575425339436222
        ],
        [
            72,
            0.15320538395122257,
            -1.8003031147059465
        ],
        [
            119,
            0.15211533799799742,
            -2.4404557361515398
        ],
        [
            108,
            0.1517268842616907,
            -0.21899647847043538
        ],
        [
            104,
