{
    "name": "love heart",
    "drawing_size": [
        324,
        370
    ],
    "slices": 10,
    "data": [
        [
            1,
            126.73139386294166,
            -1.2856498951159856
        ],
        [
            2,
            61.80131133703401,
            2.209813912171331
        ],
        [
            0,
            53.38588411014865,
            -1.6681040900120627
        ],
        [
            73,
            33.580696139934254,
            0.7200817147496139
        ],
        [
            74,
            27.450172362871626,
            2.6688628121795905
        ],
        [
            72,
            11.271595130549485,
            -2.3685109851185384
        ],
        [
            71,
            9.552070393715491,
            0.503221071537386
        ],
        [
            3,
            6.190978800724923,
            2.4342041489760047
        ],
        [
            70,
            3.8558062541162297,
            -2.978300967099835
        ],
        [
            6,
            3.4548666835389383,
            1.9426726341093334
        ],
        [
            5,
            3.1882075381024504,
            -0.8522849699720306
        ],
        [
            68,
            2.121795579953443,
            -1.435478844961945
        ],
        [
            69,
            1.9307701825216146,
            -0.3543345472301224
        ],
        [
            8,
            1.6989844296027425,
            1.7249365247618362
        ],
        [
            9,
            1.6338316234489951,
            0.30662190498361286
        ],
        [
            64,
            1.5359938818095666,
            -2.881589536885118
        ],
        [
            7,
            1.4959588323428092,
            -1.849592565111491
        ],
        [
            67,
            1.1951953664955608,
            2.132305314078245
        ],
        [
            4,
            1.1333460073286572,
            1.3401561957218544
        ],
        [
            66,
            1.0743719563504315,
            -2.0775673978633353
        ],
        [
            11,
            1.0331180463076217,
            -0.8555254418880376
        ],
        [
            63,
            0.8764044854544123,
            0.6491823465810158
        ],
        [
            62,
            0.7256974491417826,
            2.004847224630165
        ],
        [
            21,
            0.6769361862498223,
            0.5816862214726225
        ],
        [
            17,
            0.6715130364465823,
            0.7744322165199489
        ],
        [
            52,
            0.6333239406146771,
            2.3863043085268
        ],
        [
            65,
            0.6295849189252596,
            -0.4669401829200808
        ],
        [
            56,
            0.623748878731559,
            1.838708273244786
        ],
        [
            54,
            0.618164742575998,
            2.590490318424531
        ],
        [
            61,
            0.5948219560715104,
            -3.0726965491606633
        ],
        [
            57,
            0.5563735607851537,
            -3.01417679332677
        ],
        [
            23,
            0.5497674277181538,
            1.0394180200792387
        ],
        [
            53,
            0.5456040654491595,
            -0.8943340018043023
        ],
        [
            26,
            0.5259703643955705,
            1.7636071078414575
        ],
        [
            13,
            0.505968031917083,
            0.5392174405376369
        ],
        [
            10,
            0.4621157431517272,
            1.84824496615542
        ],
        [
            45,
            0.4617087646040131,
            -0.018682499092177136
        ],
        [
            24,
            0.4191728858824716,
            0.6288051394061193
        ],
        [
            22,
            0.41603232236473614,
            2.769277302147452
        ],
        [
            14,
            0.4072393617380064,
            -1.2306570067297653
        ],
        [
            58,
            0.39736564539083313,
            0.9734957869912793
        ],
        [
            30,
            0.38593927663680183,
            1.3648589101697561
        ],
        [
            27,
            0.383020490056983,
            -0.35871891483691776
        ],
        [
            39,
            0.3525510696903949,
            1.7036040402337547
        ],
        [
            50,
            0.34573640325593874,
            1.1012891522860524
        ],
        [
            20,
            0.34226532867354886,
            3.0995582215416317
        ],
        [
            15,
            0.3358140162681828,
            -2.0215595253500793
        ],
        [
            36,
            0.32980314069958516,
            1.4204534755437708
        ],
        [
            32,
            0.32870640904156007,
            1.9975844033290435
        ],
        [
            48,
            0.31913297475296326,
            -2.672280280297796
        ],
        [
            12,
            0.3179028244250102,
            2.062637903664034
        ],
        [
            55,
            0.31763669543350986,
            2.6665102849164914
        ],
        [
            47,
            0.30977954650196093,
            0.13480975457649993
        ],
        [
            46,
            0.30849645413570087,
            2.3381834402715382
        ],
        [
            34,
            0.3034960712290197,
            1.7724697199258834
        ],
        [
            59,
            0.2888635763243095,
            1.9807722829334165
        ],
        [
            41,
            0.27381200135021394,
            1.0848198385311396
        ],
        [
            29,
            0.26951708207554026,
            0.09132658244397102
        ],
        [
            33,
            0.2670909137902101,
            -2.170636747291227
        ],
        [
            19,
            0.25814008060516347,
            -0.38898029988999383
        ],
        [
            31,
            0.2514128222903813,
            -2.1851185626419305
        ],
        [
            60,
            0.24683407410029687,
            -2.5698843832420346
        ],
        [
            44,
            0.24615603591206087,
            2.4199864936369333
        ],
        [
            51,
            0.2165850612173053,
            -1.3102328259538905
        ],
        [
            42,
            0.21030359450745917,
            -2.8560983818737506
        ],
        [
            28,
            0.1863366877582206,
            2.849508514796659
        ],
        [
            35,
            0.1558251129593054,
            2.719913724351564
        ],
        [
            43,
            0.1500428640745322,
            2.199620923037996
        ],
        [
            37,
            0.13678722465379978,
            -2.60584452537719
        ],
        [
            38,
            0.13343898569497228,
            -3.093562788602956
        ],
        [
            25,
            0.11125399127563335,
            -0.13516055275265848
        ],
        [
            16,
            0.08272895139908172,
            -2.6046524753616738
        ],
        [
            49,
            0.06819758883464808,
            1.1280615129378602
        ],
        [
            40,
            0.05905122874084118,
            -2.1007811103981586
        ],
        [
            18,
            0.03596563126512705,
            0.6946437761741828
        ]
    ]
}