{
    "name": "lol",
    "drawing_size": [
        529,
        253
    ],
    "slices": 20,
    "data": [
        [
            83,
            172.41183503018576,
            -2.6106835948896663
        ],
        [
            1,
            81.09995493317143,
            2.8273127013990864
        ],
        [
            82,
            34.48094636674704,
            2.5844833178650406
        ],
        [
            81,
            27.298984235531915,
            -0.9291651566812844
        ],
        [
            0,
            19.38547098372312,
            3.0875248599990326
        ],
        [
            2,
            16.11609806252308,
            0.3717262793753444
        ],
        [
            3,
            15.669232817135855,
            -1.9741842422741411
        ],
        [
            4,
            9.35081052757584,
            -2.8130988770852037
        ],
        [
            80,
            7.689975523588424,
            1.4372244876183915
        ],
        [
            5,
            7.623468518905686,
            -0.2057970842691797
        ],
        [
            79,
            5.535467389293173,
            2.028675537039023
        ],
        [
            77,
            3.627916425852654,
            -1.6363541226002891
        ],
        [
            7,
            2.829273609682592,
            -2.382683481988377
        ],
        [
            74,
            2.7992151945597,
            -2.4756748298582623
        ],
        [
            8,
            2.196603714530014,
            -0.6927929221302135
        ],
        [
            76,
            1.933253642202725,
            -0.044530205251384326
        ],
        [
            10,
            1.66132324453963,
            -2.517096522823945
        ],
        [
            6,
            1.546692670273698,
            1.120749720781783
        ],
        [
            78,
            1.414853333911675,
            -1.9429999922291012
        ],
        [
            9,
            1.2335051745161625,
            1.3912217769877577
        ],
        [
            12,
            0.9180936713640742,
            -2.1478774670231062
        ],
        [
            13,
            0.8492487841272175,
            -2.427408947829566
        ],
        [
            70,
            0.8309653438039568,
            1.42585877480553
        ],
        [
            57,
            0.7638462332676502,
            3.0565135785030235
        ],
        [
            72,
            0.7314251944206372,
            1.3414858538384755
        ],
        [
            64,
            0.7046909695018883,
            -2.778752775096463
        ],
        [
            69,
            0.6808129182252493,
            -0.6340523461422891
        ],
        [
            14,
            0.6174209386936589,
            -0.2747171911540254
        ],
        [
            75,
            0.5465216222422563,
            1.327013418352285
        ],
        [
            16,
            0.5167937785234928,
            2.504245449971198
        ],
        [
            23,
            0.5107505059170205,
            -2.870808166940229
        ],
        [
            25,
            0.47402702241112066,
            0.3015535029024226
        ],
        [
            59,
            0.4348268770586159,
            -0.3424251904880152
        ],
        [
            24,
            0.39801536813890254,
            0.08556521267219126
        ],
        [
            68,
            0.39419043392535497,
            0.14566311579220098
        ],
        [
            63,
            0.3696232070538123,
            -2.8809902618424594
        ],
        [
            19,
            0.36252143043739665,
            0.9606553885403943
        ],
        [
            50,
            0.3518893463881293,
            0.3970274511249427
        ],
        [
            18,
            0.3288431000235598,
            1.267680162185668
        ],
        [
            11,
            0.32731839306327964,
            0.25778992894437147
        ],
        [
            34,
            0.3264341837548703,
            0.32661844152407016
        ],
        [
            22,
            0.3222097741619958,
            -2.281543519159207
        ],
        [
            47,
            0.31886039989161613,
            -0.7210846968868769
        ],
        [
            45,
            0.31845294537790086,
            1.6803218381865148
        ],
        [
            32,
            0.3171581503238867,
            -2.3178020689591508
        ],
        [
            58,
            0.31230074142395936,
            -3.1321260820562102
        ],
        [
            38,
            0.306151284122614,
            -3.100400876180137
        ],
        [
            61,
            0.3029515580226651,
            2.9618194024436737
        ],
        [
            28,
            0.30190562659181325,
            0.04860143726235182
        ],
        [
            71,
            0.29702630157645715,
            -3.0986753748473514
        ],
        [
            65,
            0.294628567175866,
            -0.09186986089269575
        ],
        [
            33,
            0.27668427276798396,
            0.3491125830847199
        ],
        [
            48,
            0.27551455113465995,
            2.3527219076492054
        ],
        [
            55,
            0.272536584655652,
            -1.7632131849701145
        ],
        [
            29,
            0.2612513087054145,
            -2.3539577788156185
        ],
        [
            60,
            0.25702636327210054,
            0.9376051856045428
        ],
        [
            37,
            0.25681376126001426,
            2.651809002451243
        ],
        [
            44,
            0.25007968268026143,
            0.3231736528044311
        ],
        [
            51,
            0.24879612611992388,
            -0.06431520948702672
        ],
        [
            53,
            0.2357471606597737,
            1.3499519051370747
        ],
        [
            17,
            0.2343679322261893,
            -0.3910782413908292
        ],
        [
            73,
            0.2198877350202755,
            -0.02418957319363657
        ],
        [
            31,
            0.20203068379120886,
            1.318616517562508
        ],
        [
            56,
            0.20022192761184746,
            -0.133105596655791
        ],
        [
            30,
            0.19974889965737663,
            -1.9532573384270986
        ],
        [
            35,
            0.19927863744139257,
            -2.994121744690053
        ],
        [
            67,
            0.19854807537416183,
            1.0448802901429597
        ],
        [
            27,
            0.19670266635039338,
            -2.577369351849825
        ],
        [
            20,
            0.19104877956495855,
            -0.039726700530452616
        ],
        [
            49,
            0.18152216995441353,
            -2.5962177080849393
        ],
        [
            54,
            0.17295561805165638,
            0.44315237655165535
        ],
        [
            40,
            0.1717857499768714,
            0.741676376011666
        ],
        [
            36,
            0.17093020852583773,
            -0.06160396049185999
        ],
        [
            26,
            0.1564317464009074,
            -2.7964953317828094
        ],
        [
            42,
            0.14482767929281443,
            2.9764439761751693
        ],
        [
            41,
            0.1270842631831753,
            2.207556487395339
        ],
        [
            66,
            0.11894778069003221,
            1.8137953383488081
        ],
        [
            46,
            0.10295652081706552,
            1.685337327389673
        ],
        [
            52,
            0.09622035573793247,
