{
    "name": "stoel",
    "drawing_size": [
        211,
        397
    ],
    "slices": 10,
    "data": [
        [
            157,
            87.21195228606773,
            -3.043478873645033
        ],
        [
            2,
            53.97660862976285,
            0.7222498021506293
        ],
        [
            0,
            40.0,
            2.301428892364348
        ],
        [
            4,
            36.13387690719467,
            -2.8890999149928094
        ],
        [
            154,
            25.942773083404475,
            0.10323138315444134
        ],
        [
            1,
            25.030040056896933,
            -1.9110039057997092
        ],
        [
            156,
            18.36955557009766,
            1.400328989492484
        ],
        [
            153,
            16.842179664915314,
            -0.9712753921206034
        ],
        [
            3,
            12.879180259091575,
            -2.197025659133228
        ],
        [
            152,
            9.763062741053657,
            0.7636581220788664
        ],
        [
            6,
            8.090982219284069,
            2.9364258475483185
        ],
        [
            150,
            7.665387721128581,
            -0.3023247767546311
        ],
        [
            8,
            6.142097357868279,
            -2.9497740394967433
        ],
        [
            147,
            5.0568592754966195,
            -0.13272118462115148
        ],
        [
            9,
            4.856585704646401,
            -2.9924091121471057
        ],
        [
            155,
            4.3910537713855895,
            -0.23461759194519657
        ],
        [
            12,
            4.369994183090641,
            3.042509416690621
        ],
        [
            11,
            4.0423385072927465,
            -2.7207588750229323
        ],
        [
            148,
            4.002851210759013,
            -0.5672330769450472
        ],
        [
            5,
            3.9844857404448346,
            -1.9217852789597563
        ],
        [
            10,
            3.9826829143413067,
            -2.4886654085126882
        ],
        [
            149,
            3.8467979344296492,
            -0.434042994230009
        ],
        [
            151,
            3.4958374082099537,
            0.9355792849918337
        ],
        [
            13,
            3.485853862778869,
            -3.0193879171422267
        ],
        [
            145,
            3.4052854063343054,
            0.2554995098896136
        ],
        [
            144,
            3.289949162007401,
            -0.11244220695685431
        ],
        [
            146,
            3.2569764396943737,
            -0.40178295117313867
        ],
        [
            14,
            2.94601618571583,
            -2.4805078094199366
        ],
        [
            142,
            2.852225004283925,
            -0.8223295908655924
        ],
        [
            16,
            2.8323217688672084,
            -2.3956313815411723
        ],
        [
            17,
            2.8258052607825155,
            -2.9991878646075607
        ],
        [
            19,
            2.8185580559155183,
            -2.9412427385633375
        ],
        [
            141,
            2.773392594326617,
            0.12212389694897771
        ],
        [
            7,
            2.65012963223923,
            2.214086041530303
        ],
        [
            15,
            2.576386624147457,
            -2.738632510744668
        ],
        [
            139,
            2.356298306959155,
            -0.2299228172263436
        ],
        [
            135,
            2.241884584039262,
            -0.29632178399321135
        ],
        [
            140,
            2.2146475924437516,
            -0.33979514581984843
        ],
        [
            143,
            2.1953964295075363,
            -0.7369075760749287
        ],
        [
            23,
            2.1682449121082104,
            -2.535752762105951
        ],
        [
            18,
            2.1274157174635304,
            -2.5042448623104674
        ],
        [
            25,
            2.0704537834092296,
            -2.7353535949324876
        ],
        [
            133,
            2.0197549086704356,
            -0.2766152022888336
        ],
        [
            22,
            1.9672858545242666,
            -2.6361666126525787
        ],
        [
            134,
            1.9238353861546735,
            -0.3336241336829869
        ],
        [
            138,
            1.9056706305784816,
            -0.598734895098263
        ],
        [
            29,
            1.848294266952598,
            -2.5161933470620323
        ],
        [
            129,
            1.687180033482072,
            -0.6324338682375965
        ],
        [
            137,
            1.6728383757139782,
            -0.5032049718404102
        ],
        [
            125,
            1.5959630178813602,
            -0.7087554842917151
        ],
        [
            128,
            1.567736366834026,
            -0.6375136258743963
        ],
        [
            131,
            1.5549633108829135,
            -0.5661742183368329
        ],
        [
            124,
            1.4960028387777817,
            -0.7579627491074411
        ],
        [
            20,
            1.4657151668295187,
            -2.4256018528052303
        ],
        [
            26,
            1.441535487072453,
            -2.484796915014097
        ],
        [
            33,
            1.4386162099948934,
            -2.1722096211439075
        ],
        [
            24,
            1.4313033440295722,
            -2.8864996631991913
        ],
        [
            36,
            1.4265959482459638,
            -2.3766619653640744
        ],
        [
            34,
            1.4158640657442707,
            -2.3866466795097465
        ],
        [
            122,
            1.3948647269355097,
            -0.4346372456702257
        ],
        [
            132,
            1.3687864140691612,
            -0.6130891050206498
        ],
        [
            32,
            1.3621805282089443,
            -2.810602735548146
        ],
        [
            27,
            1.3453284999544786,
            -2.3509647372594893
        ],
        [
            121,
            1.3414932704298117,
            -1.0366449087962646
        ],
        [
            110,
            1.3074326589451897,
            -0.9567824076722081
        ],
        [
            21,
            1.2960030055378975,
            -2.4845487006874913
        ],
        [
            30,
            1.2832289877890668,
            -2.4270357662489745
        ],
        [
            126,
            1.2583739413882653,
            -0.15343327840142373
        ],
        [
            35,
            1.250044033013687,
            -2.16431334252968
        ],
        [
            48,
            1.246418553844976,
            -2.0092365083098755
        ],
        [
            114,
            1.215027038161144,
            -0.7505201398054482
        ],
        [
            130,
            1.2044623119171307,
            -0.40301969326014225
        ],
        [
            115,
            1.1988603721802442,
            -0.7026540997853777
        ],
        [
            44,
            1.197619851781729,
            -2.1672295149094047
        ],
        [
            99,
            1.1842643083736253,
            -1.2219794038336875
        ],
        [
            38,
            1.1789951009996111,
            -2.3432271871149415
        ],
        [
            43,
            1.1758725522500235,
            -2.421833805413469
        ],
        [
            127,
            1.175314259930084,
            -0.7233249706100676
        ],
        [
            31,
