{
    "name": "vierkan",
    "drawing_size": [
        1069,
        432
    ],
    "slices": 9,
    "data": [
        [
            1,
            350.0011883271158,
            -1.5569818481881217
        ],
        [
            106,
            146.80225783305826,
            1.750947165038275
        ],
        [
            2,
            110.2160836174824,
            2.0700134812563347
        ],
        [
            105,
            56.46580047399533,
            -2.228781517735909
        ],
        [
            104,
            45.75551723330246,
            1.9500875072690136
        ],
        [
            103,
            40.290122893673605,
            -1.5477034291356273
        ],
        [
            0,
            39.967206674950404,
            -1.836874050944255
        ],
        [
            4,
            31.07584458445417,
            1.4755105090292946
        ],
        [
            3,
            13.381061549878172,
            -1.5791405140400263
        ],
        [
            5,
            7.573236756581975,
            -1.7537483903849984
        ],
        [
            102,
            6.484674074056551,
            1.1130058620129055
        ],
        [
            6,
            5.922276289802661,
            2.445870452158645
        ],
        [
            96,
            3.817237231676779,
            -2.0798658343242344
        ],
        [
            10,
            3.0133941321889077,
            -1.203784153147333
        ],
        [
            11,
            2.7980203737232268,
            2.28455466175705
        ],
        [
            9,
            2.6757564486482646,
            2.021558494109992
        ],
        [
            97,
            2.569449940229482,
            0.5142445405166084
        ],
        [
            8,
            2.492471354413338,
            -0.9710290923428185
        ],
        [
            15,
            2.3274888265636147,
            2.4357086849618828
        ],
        [
            95,
            2.3135783610980853,
            2.0285972230284117
        ],
        [
            14,
            2.2293661501184827,
            -1.0492887667333677
        ],
        [
            94,
            2.0681064603565464,
            -1.9619860582873625
        ],
        [
            90,
            1.9449718482639697,
            -2.0817699301933774
        ],
        [
            93,
            1.8758683457316943,
            -1.0352450215764881
        ],
        [
            7,
            1.732532936738292,
            -0.9895879522640723
        ],
        [
            99,
            1.6039369320460615,
            1.3118057820371034
        ],
        [
            17,
            1.602827401346679,
            3.032363685531451
        ],
        [
            18,
            1.422279392955224,
            1.161764535688017
        ],
        [
            28,
            1.3705442287596301,
            2.7685894451085002
        ],
        [
            81,
            1.2787138629549908,
            -3.0858033554726907
        ],
        [
            12,
            1.2573966203155116,
            -1.9239922307512043
        ],
        [
            79,
            1.2416133315838482,
            -2.885105377916199
        ],
        [
            92,
            1.227110532970419,
            -2.5292017373773676
        ],
        [
            30,
            1.2122199156124915,
            2.8543897581808118
        ],
        [
            87,
            1.0643423430258827,
            0.2904937674036824
        ],
        [
            88,
            1.0298279533622268,
            -2.6134530547839154
        ],
        [
            16,
            1.0168074202231094,
            0.940100464305255
        ],
        [
            24,
            0.9287783920139709,
            -3.0262686183056244
        ],
        [
            77,
            0.9257974857192725,
            -2.820601942121556
        ],
        [
            37,
            0.9072794965762769,
            3.070605356964981
        ],
        [
            100,
            0.8777157671931248,
            -1.8649109038266223
        ],
        [
            85,
            0.8211170838394017,
            2.9938748310723553
        ],
        [
            13,
            0.7707417424272632,
            2.53413377648469
        ],
        [
            75,
            0.7597670782346758,
            -2.264712500447768
        ],
        [
            38,
            0.7502699831732409,
            0.8738527825520127
        ],
        [
            72,
            0.734265333668005,
            -3.1323090788276686
        ],
        [
            53,
            0.7136935290747322,
            1.6402222454539526
        ],
        [
            82,
            0.6895313343740852,
            0.7542787132414885
        ],
        [
            84,
            0.6750573379085937,
            -2.0157032821004206
        ],
        [
            54,
            0.66298494944525,
            -2.022559640116926
        ],
        [
            101,
            0.6462180142978687,
            0.9186350534735623
        ],
        [
            27,
            0.641427384866812,
            -0.41215196370442936
        ],
        [
            80,
            0.6199419880214712,
            -0.7063147314765106
        ],
        [
            29,
            0.6175773954667341,
            0.7504947497497827
        ],
        [
            70,
            0.6113475388759205,
            -2.70959943448757
        ],
        [
            31,
            0.5628119618176778,
            0.1426550920351961
        ],
        [
            19,
            0.5540600264360823,
            1.0608008513974656
        ],
        [
            20,
            0.5435176079561963,
            -0.4237188166268994
        ],
        [
            40,
            0.5018070105215212,
            0.6298851934381035
        ],
        [
            67,
            0.5008395832396609,
            -1.0586609587902507
        ],
        [
            51,
            0.4855880512711701,
            2.0350367049316582
        ],
        [
            32,
            0.43443049051640187,
            2.1064730895893797
        ],
        [
            83,
            0.4313385084536444,
            -2.9089431841879065
        ],
        [
            52,
            0.42865097964265597,
            -1.3173692690648438
        ],
        [
            41,
            0.42817803177779745,
            2.7785656737018165
        ],
        [
            86,
            0.41460885928075814,
            1.9522902085070448
        ],
        [
            69,
            0.41311621530821657,
            -1.0732685921283764
        ],
        [
            59,
            0.4124599422771677,
            2.0188815826204825
        ],
        [
            56,
            0.4013497031586816,
            -1.4003383797375704
        ],
        [
            35,
            0.3999728548930488,
            -2.629215532608752
        ],
        [
            57,
            0.3848333314163434,
            1.5602944873968458
        ],
        [
            74,
            0.3823889704759676,
            0.1509412330471673
        ],
        [
            89,
            0.3808045442917614,
            -0.7198517125637534
        ],
        [
            68,
            0.37567366099519833,
            -2.479196036323035
        ],
        [
            58,
            0.37554176447337545,
            -2.0355443718723425
        ],
        [
            91,
            0.3717796638026919,
            2.7431117442872286
        ],
        [
            43,
            0.3681558819056996,
            -1.0156043591178332
        ],
        [
            26,
            0.34902761410071287,
            2.996858515154078
        ],
        [
            47,
            0.3398298174051889,
